"REF_DATE","GEO","DGUID","Statistics","Characteristics","Income, consumption and savings","UOM","UOM_ID","SCALAR_FACTOR","SCALAR_ID","VECTOR","COORDINATE","VALUE","STATUS","SYMBOL","TERMINATED","DECIMALS"
"2008","Canada","2016A000011124","Value","All households","Household disposable income","Dollars","81","millions","6","v116885914","1.1.1.1","862404","","","","0"
"2009","Canada","2016A000011124","Value","All households","Household disposable income","Dollars","81","millions","6","v116885914","1.1.1.1","884783","","","","0"
"2010","Canada","2016A000011124","Value","All households","Household disposable income","Dollars","81","millions","6","v116885914","1.1.1.1","928091","","","","0"
"2011","Canada","2016A000011124","Value","All households","Household disposable income","Dollars","81","millions","6","v116885914","1.1.1.1","962102","","","","0"
"2012","Canada","2016A000011124","Value","All households","Household disposable income","Dollars","81","millions","6","v116885914","1.1.1.1","1001254","","","","0"
"2013","Canada","2016A000011124","Value","All households","Household disposable income","Dollars","81","millions","6","v116885914","1.1.1.1","1046791","","","","0"
"2014","Canada","2016A000011124","Value","All households","Household disposable income","Dollars","81","millions","6","v116885914","1.1.1.1","1081654","","","","0"
"2015","Canada","2016A000011124","Value","All households","Household disposable income","Dollars","81","millions","6","v116885914","1.1.1.1","1129875","","","","0"
"2016","Canada","2016A000011124","Value","All households","Household disposable income","Dollars","81","millions","6","v116885914","1.1.1.1","1132763","","","","0"
"2017","Canada","2016A000011124","Value","All households","Household disposable income","Dollars","81","millions","6","v116885914","1.1.1.1","1189366","","","","0"
"2018","Canada","2016A000011124","Value","All households","Household disposable income","Dollars","81","millions","6","v116885914","1.1.1.1","1224919","","","","0"
"2019","Canada","2016A000011124","Value","All households","Household disposable income","Dollars","81","millions","6","v116885914","1.1.1.1","1280362","","","","0"
"2020","Canada","2016A000011124","Value","All households","Household disposable income","Dollars","81","millions","6","v116885914","1.1.1.1","1387360","","","","0"
"2021","Canada","2016A000011124","Value","All households","Household disposable income","Dollars","81","millions","6","v116885914","1.1.1.1","1444569","","","","0"
"2022","Canada","2016A000011124","Value","All households","Household disposable income","Dollars","81","millions","6","v116885914","1.1.1.1","1520693","","","","0"
"2008","Canada","2016A000011124","Value","All households","Compensation of employees","Dollars","81","millions","6","v116885915","1.1.1.2","818108","","","","0"
"2009","Canada","2016A000011124","Value","All households","Compensation of employees","Dollars","81","millions","6","v116885915","1.1.1.2","810556","","","","0"
"2010","Canada","2016A000011124","Value","All households","Compensation of employees","Dollars","81","millions","6","v116885915","1.1.1.2","835940","","","","0"
"2011","Canada","2016A000011124","Value","All households","Compensation of employees","Dollars","81","millions","6","v116885915","1.1.1.2","881146","","","","0"
"2012","Canada","2016A000011124","Value","All households","Compensation of employees","Dollars","81","millions","6","v116885915","1.1.1.2","921492","","","","0"
"2013","Canada","2016A000011124","Value","All households","Compensation of employees","Dollars","81","millions","6","v116885915","1.1.1.2","959181","","","","0"
"2014","Canada","2016A000011124","Value","All households","Compensation of employees","Dollars","81","millions","6","v116885915","1.1.1.2","996247","","","","0"
"2015","Canada","2016A000011124","Value","All households","Compensation of employees","Dollars","81","millions","6","v116885915","1.1.1.2","1024742","","","","0"
"2016","Canada","2016A000011124","Value","All households","Compensation of employees","Dollars","81","millions","6","v116885915","1.1.1.2","1024142","","","","0"
"2017","Canada","2016A000011124","Value","All households","Compensation of employees","Dollars","81","millions","6","v116885915","1.1.1.2","1066523","","","","0"
"2018","Canada","2016A000011124","Value","All households","Compensation of employees","Dollars","81","millions","6","v116885915","1.1.1.2","1122304","","","","0"
"2019","Canada","2016A000011124","Value","All households","Compensation of employees","Dollars","81","millions","6","v116885915","1.1.1.2","1168597","","","","0"
"2020","Canada","2016A000011124","Value","All households","Compensation of employees","Dollars","81","millions","6","v116885915","1.1.1.2","1155842","","","","0"
"2021","Canada","2016A000011124","Value","All households","Compensation of employees","Dollars","81","millions","6","v116885915","1.1.1.2","1264592","","","","0"
"2022","Canada","2016A000011124","Value","All households","Compensation of employees","Dollars","81","millions","6","v116885915","1.1.1.2","1383129","","","","0"
"2008","Canada","2016A000011124","Value","All households","Net mixed income","Dollars","81","millions","6","v116885916","1.1.1.3","143917","","","","0"
"2009","Canada","2016A000011124","Value","All households","Net mixed income","Dollars","81","millions","6","v116885916","1.1.1.3","144671","","","","0"
"2010","Canada","2016A000011124","Value","All households","Net mixed income","Dollars","81","millions","6","v116885916","1.1.1.3","151130","","","","0"
"2011","Canada","2016A000011124","Value","All households","Net mixed income","Dollars","81","millions","6","v116885916","1.1.1.3","157679","","","","0"
"2012","Canada","2016A000011124","Value","All households","Net mixed income","Dollars","81","millions","6","v116885916","1.1.1.3","162931","","","","0"
"2013","Canada","2016A000011124","Value","All households","Net mixed income","Dollars","81","millions","6","v116885916","1.1.1.3","167712","","","","0"
"2014","Canada","2016A000011124","Value","All households","Net mixed income","Dollars","81","millions","6","v116885916","1.1.1.3","172078","","","","0"
"2015","Canada","2016A000011124","Value","All households","Net mixed income","Dollars","81","millions","6","v116885916","1.1.1.3","177994","","","","0"
"2016","Canada","2016A000011124","Value","All households","Net mixed income","Dollars","81","millions","6","v116885916","1.1.1.3","183581","","","","0"
"2017","Canada","2016A000011124","Value","All households","Net mixed income","Dollars","81","millions","6","v116885916","1.1.1.3","190323","","","","0"
"2018","Canada","2016A000011124","Value","All households","Net mixed income","Dollars","81","millions","6","v116885916","1.1.1.3","195618","","","","0"
"2019","Canada","2016A000011124","Value","All households","Net mixed income","Dollars","81","millions","6","v116885916","1.1.1.3","207999","","","","0"
"2020","Canada","2016A000011124","Value","All households","Net mixed income","Dollars","81","millions","6","v116885916","1.1.1.3","207211","","","","0"
"2021","Canada","2016A000011124","Value","All households","Net mixed income","Dollars","81","millions","6","v116885916","1.1.1.3","217267","","","","0"
"2022","Canada","2016A000011124","Value","All households","Net mixed income","Dollars","81","millions","6","v116885916","1.1.1.3","237720","","","","0"
"2008","Canada","2016A000011124","Value","All households","Property income received","Dollars","81","millions","6","v116885917","1.1.1.4","160013","","","","0"
"2009","Canada","2016A000011124","Value","All households","Property income received","Dollars","81","millions","6","v116885917","1.1.1.4","152106","","","","0"
"2010","Canada","2016A000011124","Value","All households","Property income received","Dollars","81","millions","6","v116885917","1.1.1.4","152519","","","","0"
"2011","Canada","2016A000011124","Value","All households","Property income received","Dollars","81","millions","6","v116885917","1.1.1.4","162165","","","","0"
"2012","Canada","2016A000011124","Value","All households","Property income received","Dollars","81","millions","6","v116885917","1.1.1.4","170336","","","","0"
"2013","Canada","2016A000011124","Value","All households","Property income received","Dollars","81","millions","6","v116885917","1.1.1.4","175342","","","","0"
"2014","Canada","2016A000011124","Value","All households","Property income received","Dollars","81","millions","6","v116885917","1.1.1.4","181876","","","","0"
"2015","Canada","2016A000011124","Value","All households","Property income received","Dollars","81","millions","6","v116885917","1.1.1.4","198218","","","","0"
"2016","Canada","2016A000011124","Value","All households","Property income received","Dollars","81","millions","6","v116885917","1.1.1.4","189502","","","","0"
"2017","Canada","2016A000011124","Value","All households","Property income received","Dollars","81","millions","6","v116885917","1.1.1.4","202189","","","","0"
"2018","Canada","2016A000011124","Value","All households","Property income received","Dollars","81","millions","6","v116885917","1.1.1.4","202278","","","","0"
"2019","Canada","2016A000011124","Value","All households","Property income received","Dollars","81","millions","6","v116885917","1.1.1.4","217587","","","","0"
"2020","Canada","2016A000011124","Value","All households","Property income received","Dollars","81","millions","6","v116885917","1.1.1.4","212221","","","","0"
"2021","Canada","2016A000011124","Value","All households","Property income received","Dollars","81","millions","6","v116885917","1.1.1.4","215883","","","","0"
"2022","Canada","2016A000011124","Value","All households","Property income received","Dollars","81","millions","6","v116885917","1.1.1.4","241202","","","","0"
"2008","Canada","2016A000011124","Value","All households","Less: property income paid","Dollars","81","millions","6","v116885918","1.1.1.5","63921","","","","0"
"2009","Canada","2016A000011124","Value","All households","Less: property income paid","Dollars","81","millions","6","v116885918","1.1.1.5","55559","","","","0"
"2010","Canada","2016A000011124","Value","All households","Less: property income paid","Dollars","81","millions","6","v116885918","1.1.1.5","54143","","","","0"
"2011","Canada","2016A000011124","Value","All households","Less: property income paid","Dollars","81","millions","6","v116885918","1.1.1.5","54580","","","","0"
"2012","Canada","2016A000011124","Value","All households","Less: property income paid","Dollars","81","millions","6","v116885918","1.1.1.5","55598","","","","0"
"2013","Canada","2016A000011124","Value","All households","Less: property income paid","Dollars","81","millions","6","v116885918","1.1.1.5","56232","","","","0"
"2014","Canada","2016A000011124","Value","All households","Less: property income paid","Dollars","81","millions","6","v116885918","1.1.1.5","55857","","","","0"
"2015","Canada","2016A000011124","Value","All households","Less: property income paid","Dollars","81","millions","6","v116885918","1.1.1.5","56033","","","","0"
"2016","Canada","2016A000011124","Value","All households","Less: property income paid","Dollars","81","millions","6","v116885918","1.1.1.5","56405","","","","0"
"2017","Canada","2016A000011124","Value","All households","Less: property income paid","Dollars","81","millions","6","v116885918","1.1.1.5","60186","","","","0"
"2018","Canada","2016A000011124","Value","All households","Less: property income paid","Dollars","81","millions","6","v116885918","1.1.1.5","70213","","","","0"
"2019","Canada","2016A000011124","Value","All households","Less: property income paid","Dollars","81","millions","6","v116885918","1.1.1.5","79808","","","","0"
"2020","Canada","2016A000011124","Value","All households","Less: property income paid","Dollars","81","millions","6","v116885918","1.1.1.5","72579","","","","0"
"2021","Canada","2016A000011124","Value","All households","Less: property income paid","Dollars","81","millions","6","v116885918","1.1.1.5","66922","","","","0"
"2022","Canada","2016A000011124","Value","All households","Less: property income paid","Dollars","81","millions","6","v116885918","1.1.1.5","85866","","","","0"
"2008","Canada","2016A000011124","Value","All households","Current transfers received","Dollars","81","millions","6","v116885919","1.1.1.6","204188","","","","0"
"2009","Canada","2016A000011124","Value","All households","Current transfers received","Dollars","81","millions","6","v116885919","1.1.1.6","218275","","","","0"
"2010","Canada","2016A000011124","Value","All households","Current transfers received","Dollars","81","millions","6","v116885919","1.1.1.6","232400","","","","0"
"2011","Canada","2016A000011124","Value","All households","Current transfers received","Dollars","81","millions","6","v116885919","1.1.1.6","236877","","","","0"
"2012","Canada","2016A000011124","Value","All households","Current transfers received","Dollars","81","millions","6","v116885919","1.1.1.6","246062","","","","0"
"2013","Canada","2016A000011124","Value","All households","Current transfers received","Dollars","81","millions","6","v116885919","1.1.1.6","258527","","","","0"
"2014","Canada","2016A000011124","Value","All households","Current transfers received","Dollars","81","millions","6","v116885919","1.1.1.6","266153","","","","0"
"2015","Canada","2016A000011124","Value","All households","Current transfers received","Dollars","81","millions","6","v116885919","1.1.1.6","288200","","","","0"
"2016","Canada","2016A000011124","Value","All households","Current transfers received","Dollars","81","millions","6","v116885919","1.1.1.6","307078","","","","0"
"2017","Canada","2016A000011124","Value","All households","Current transfers received","Dollars","81","millions","6","v116885919","1.1.1.6","320918","","","","0"
"2018","Canada","2016A000011124","Value","All households","Current transfers received","Dollars","81","millions","6","v116885919","1.1.1.6","334066","","","","0"
"2019","Canada","2016A000011124","Value","All households","Current transfers received","Dollars","81","millions","6","v116885919","1.1.1.6","346107","","","","0"
"2020","Canada","2016A000011124","Value","All households","Current transfers received","Dollars","81","millions","6","v116885919","1.1.1.6","468640","","","","0"
"2021","Canada","2016A000011124","Value","All households","Current transfers received","Dollars","81","millions","6","v116885919","1.1.1.6","442548","","","","0"
"2022","Canada","2016A000011124","Value","All households","Current transfers received","Dollars","81","millions","6","v116885919","1.1.1.6","423818","","","","0"
"2008","Canada","2016A000011124","Value","All households","Less: current transfers paid","Dollars","81","millions","6","v116885920","1.1.1.7","399901","","","","0"
"2009","Canada","2016A000011124","Value","All households","Less: current transfers paid","Dollars","81","millions","6","v116885920","1.1.1.7","385266","","","","0"
"2010","Canada","2016A000011124","Value","All households","Less: current transfers paid","Dollars","81","millions","6","v116885920","1.1.1.7","389755","","","","0"
"2011","Canada","2016A000011124","Value","All households","Less: current transfers paid","Dollars","81","millions","6","v116885920","1.1.1.7","421185","","","","0"
"2012","Canada","2016A000011124","Value","All households","Less: current transfers paid","Dollars","81","millions","6","v116885920","1.1.1.7","443969","","","","0"
"2013","Canada","2016A000011124","Value","All households","Less: current transfers paid","Dollars","81","millions","6","v116885920","1.1.1.7","457739","","","","0"
"2014","Canada","2016A000011124","Value","All households","Less: current transfers paid","Dollars","81","millions","6","v116885920","1.1.1.7","478843","","","","0"
"2015","Canada","2016A000011124","Value","All households","Less: current transfers paid","Dollars","81","millions","6","v116885920","1.1.1.7","503246","","","","0"
"2016","Canada","2016A000011124","Value","All households","Less: current transfers paid","Dollars","81","millions","6","v116885920","1.1.1.7","515135","","","","0"
"2017","Canada","2016A000011124","Value","All households","Less: current transfers paid","Dollars","81","millions","6","v116885920","1.1.1.7","530401","","","","0"
"2018","Canada","2016A000011124","Value","All households","Less: current transfers paid","Dollars","81","millions","6","v116885920","1.1.1.7","559134","","","","0"
"2019","Canada","2016A000011124","Value","All households","Less: current transfers paid","Dollars","81","millions","6","v116885920","1.1.1.7","580120","","","","0"
"2020","Canada","2016A000011124","Value","All households","Less: current transfers paid","Dollars","81","millions","6","v116885920","1.1.1.7","583975","","","","0"
"2021","Canada","2016A000011124","Value","All households","Less: current transfers paid","Dollars","81","millions","6","v116885920","1.1.1.7","628799","","","","0"
"2022","Canada","2016A000011124","Value","All households","Less: current transfers paid","Dollars","81","millions","6","v116885920","1.1.1.7","679310","","","","0"
"2008","Canada","2016A000011124","Value","All households","Social transfers in kind (STiK)","Dollars","81","millions","6","v1059426362","1.1.1.24","237315","","","","0"
"2009","Canada","2016A000011124","Value","All households","Social transfers in kind (STiK)","Dollars","81","millions","6","v1059426362","1.1.1.24","248043","","","","0"
"2010","Canada","2016A000011124","Value","All households","Social transfers in kind (STiK)","Dollars","81","millions","6","v1059426362","1.1.1.24","257248","","","","0"
"2011","Canada","2016A000011124","Value","All households","Social transfers in kind (STiK)","Dollars","81","millions","6","v1059426362","1.1.1.24","270314","","","","0"
"2012","Canada","2016A000011124","Value","All households","Social transfers in kind (STiK)","Dollars","81","millions","6","v1059426362","1.1.1.24","276781","","","","0"
"2013","Canada","2016A000011124","Value","All households","Social transfers in kind (STiK)","Dollars","81","millions","6","v1059426362","1.1.1.24","284952","","","","0"
"2014","Canada","2016A000011124","Value","All households","Social transfers in kind (STiK)","Dollars","81","millions","6","v1059426362","1.1.1.24","293102","","","","0"
"2015","Canada","2016A000011124","Value","All households","Social transfers in kind (STiK)","Dollars","81","millions","6","v1059426362","1.1.1.24","302807","","","","0"
"2016","Canada","2016A000011124","Value","All households","Social transfers in kind (STiK)","Dollars","81","millions","6","v1059426362","1.1.1.24","312884","","","","0"
"2017","Canada","2016A000011124","Value","All households","Social transfers in kind (STiK)","Dollars","81","millions","6","v1059426362","1.1.1.24","324515","","","","0"
"2018","Canada","2016A000011124","Value","All households","Social transfers in kind (STiK)","Dollars","81","millions","6","v1059426362","1.1.1.24","336961","","","","0"
"2019","Canada","2016A000011124","Value","All households","Social transfers in kind (STiK)","Dollars","81","millions","6","v1059426362","1.1.1.24","349855","","","","0"
"2020","Canada","2016A000011124","Value","All households","Social transfers in kind (STiK)","Dollars","81","millions","6","v1059426362","1.1.1.24","369336","","","","0"
"2021","Canada","2016A000011124","Value","All households","Social transfers in kind (STiK)","Dollars","81","millions","6","v1059426362","1.1.1.24","396554","","","","0"
"2022","Canada","2016A000011124","Value","All households","Social transfers in kind (STiK)","Dollars","81","millions","6","v1059426362","1.1.1.24","429133","","","","0"
"2008","Canada","2016A000011124","Value","All households","Social transfers in kind (STiK): education","Dollars","81","millions","6","v1059426363","1.1.1.25","76991","","","","0"
"2009","Canada","2016A000011124","Value","All households","Social transfers in kind (STiK): education","Dollars","81","millions","6","v1059426363","1.1.1.25","80679","","","","0"
"2010","Canada","2016A000011124","Value","All households","Social transfers in kind (STiK): education","Dollars","81","millions","6","v1059426363","1.1.1.25","83671","","","","0"
"2011","Canada","2016A000011124","Value","All households","Social transfers in kind (STiK): education","Dollars","81","millions","6","v1059426363","1.1.1.25","87614","","","","0"
"2012","Canada","2016A000011124","Value","All households","Social transfers in kind (STiK): education","Dollars","81","millions","6","v1059426363","1.1.1.25","88828","","","","0"
"2013","Canada","2016A000011124","Value","All households","Social transfers in kind (STiK): education","Dollars","81","millions","6","v1059426363","1.1.1.25","91034","","","","0"
"2014","Canada","2016A000011124","Value","All households","Social transfers in kind (STiK): education","Dollars","81","millions","6","v1059426363","1.1.1.25","93513","","","","0"
"2015","Canada","2016A000011124","Value","All households","Social transfers in kind (STiK): education","Dollars","81","millions","6","v1059426363","1.1.1.25","95214","","","","0"
"2016","Canada","2016A000011124","Value","All households","Social transfers in kind (STiK): education","Dollars","81","millions","6","v1059426363","1.1.1.25","97284","","","","0"
"2017","Canada","2016A000011124","Value","All households","Social transfers in kind (STiK): education","Dollars","81","millions","6","v1059426363","1.1.1.25","101239","","","","0"
"2018","Canada","2016A000011124","Value","All households","Social transfers in kind (STiK): education","Dollars","81","millions","6","v1059426363","1.1.1.25","105131","","","","0"
"2019","Canada","2016A000011124","Value","All households","Social transfers in kind (STiK): education","Dollars","81","millions","6","v1059426363","1.1.1.25","108075","","","","0"
"2020","Canada","2016A000011124","Value","All households","Social transfers in kind (STiK): education","Dollars","81","millions","6","v1059426363","1.1.1.25","112949","","","","0"
"2021","Canada","2016A000011124","Value","All households","Social transfers in kind (STiK): education","Dollars","81","millions","6","v1059426363","1.1.1.25","114611","","","","0"
"2022","Canada","2016A000011124","Value","All households","Social transfers in kind (STiK): education","Dollars","81","millions","6","v1059426363","1.1.1.25","122578","","","","0"
"2008","Canada","2016A000011124","Value","All households","Social transfers in kind (STiK): health","Dollars","81","millions","6","v1059426364","1.1.1.26","111759","","","","0"
"2009","Canada","2016A000011124","Value","All households","Social transfers in kind (STiK): health","Dollars","81","millions","6","v1059426364","1.1.1.26","118734","","","","0"
"2010","Canada","2016A000011124","Value","All households","Social transfers in kind (STiK): health","Dollars","81","millions","6","v1059426364","1.1.1.26","124275","","","","0"
"2011","Canada","2016A000011124","Value","All households","Social transfers in kind (STiK): health","Dollars","81","millions","6","v1059426364","1.1.1.26","130683","","","","0"
"2012","Canada","2016A000011124","Value","All households","Social transfers in kind (STiK): health","Dollars","81","millions","6","v1059426364","1.1.1.26","134448","","","","0"
"2013","Canada","2016A000011124","Value","All households","Social transfers in kind (STiK): health","Dollars","81","millions","6","v1059426364","1.1.1.26","139633","","","","0"
"2014","Canada","2016A000011124","Value","All households","Social transfers in kind (STiK): health","Dollars","81","millions","6","v1059426364","1.1.1.26","144998","","","","0"
"2015","Canada","2016A000011124","Value","All households","Social transfers in kind (STiK): health","Dollars","81","millions","6","v1059426364","1.1.1.26","150809","","","","0"
"2016","Canada","2016A000011124","Value","All households","Social transfers in kind (STiK): health","Dollars","81","millions","6","v1059426364","1.1.1.26","155903","","","","0"
"2017","Canada","2016A000011124","Value","All households","Social transfers in kind (STiK): health","Dollars","81","millions","6","v1059426364","1.1.1.26","161159","","","","0"
"2018","Canada","2016A000011124","Value","All households","Social transfers in kind (STiK): health","Dollars","81","millions","6","v1059426364","1.1.1.26","165903","","","","0"
"2019","Canada","2016A000011124","Value","All households","Social transfers in kind (STiK): health","Dollars","81","millions","6","v1059426364","1.1.1.26","172933","","","","0"
"2020","Canada","2016A000011124","Value","All households","Social transfers in kind (STiK): health","Dollars","81","millions","6","v1059426364","1.1.1.26","185450","","","","0"
"2021","Canada","2016A000011124","Value","All households","Social transfers in kind (STiK): health","Dollars","81","millions","6","v1059426364","1.1.1.26","210157","","","","0"
"2022","Canada","2016A000011124","Value","All households","Social transfers in kind (STiK): health","Dollars","81","millions","6","v1059426364","1.1.1.26","227467","","","","0"
"2008","Canada","2016A000011124","Value","All households","Social transfers in kind (STiK): other","Dollars","81","millions","6","v1059426365","1.1.1.27","48565","","","","0"
"2009","Canada","2016A000011124","Value","All households","Social transfers in kind (STiK): other","Dollars","81","millions","6","v1059426365","1.1.1.27","48630","","","","0"
"2010","Canada","2016A000011124","Value","All households","Social transfers in kind (STiK): other","Dollars","81","millions","6","v1059426365","1.1.1.27","49302","","","","0"
"2011","Canada","2016A000011124","Value","All households","Social transfers in kind (STiK): other","Dollars","81","millions","6","v1059426365","1.1.1.27","52017","","","","0"
"2012","Canada","2016A000011124","Value","All households","Social transfers in kind (STiK): other","Dollars","81","millions","6","v1059426365","1.1.1.27","53505","","","","0"
"2013","Canada","2016A000011124","Value","All households","Social transfers in kind (STiK): other","Dollars","81","millions","6","v1059426365","1.1.1.27","54285","","","","0"
"2014","Canada","2016A000011124","Value","All households","Social transfers in kind (STiK): other","Dollars","81","millions","6","v1059426365","1.1.1.27","54591","","","","0"
"2015","Canada","2016A000011124","Value","All households","Social transfers in kind (STiK): other","Dollars","81","millions","6","v1059426365","1.1.1.27","56784","","","","0"
"2016","Canada","2016A000011124","Value","All households","Social transfers in kind (STiK): other","Dollars","81","millions","6","v1059426365","1.1.1.27","59697","","","","0"
"2017","Canada","2016A000011124","Value","All households","Social transfers in kind (STiK): other","Dollars","81","millions","6","v1059426365","1.1.1.27","62117","","","","0"
"2018","Canada","2016A000011124","Value","All households","Social transfers in kind (STiK): other","Dollars","81","millions","6","v1059426365","1.1.1.27","65927","","","","0"
"2019","Canada","2016A000011124","Value","All households","Social transfers in kind (STiK): other","Dollars","81","millions","6","v1059426365","1.1.1.27","68847","","","","0"
"2020","Canada","2016A000011124","Value","All households","Social transfers in kind (STiK): other","Dollars","81","millions","6","v1059426365","1.1.1.27","70937","","","","0"
"2021","Canada","2016A000011124","Value","All households","Social transfers in kind (STiK): other","Dollars","81","millions","6","v1059426365","1.1.1.27","71786","","","","0"
"2022","Canada","2016A000011124","Value","All households","Social transfers in kind (STiK): other","Dollars","81","millions","6","v1059426365","1.1.1.27","79088","","","","0"
"2008","Canada","2016A000011124","Value","All households","Adjusted household disposable income","Dollars","81","millions","6","v1059426366","1.1.1.28","1099719","","","","0"
"2009","Canada","2016A000011124","Value","All households","Adjusted household disposable income","Dollars","81","millions","6","v1059426366","1.1.1.28","1132826","","","","0"
"2010","Canada","2016A000011124","Value","All households","Adjusted household disposable income","Dollars","81","millions","6","v1059426366","1.1.1.28","1185339","","","","0"
"2011","Canada","2016A000011124","Value","All households","Adjusted household disposable income","Dollars","81","millions","6","v1059426366","1.1.1.28","1232416","","","","0"
"2012","Canada","2016A000011124","Value","All households","Adjusted household disposable income","Dollars","81","millions","6","v1059426366","1.1.1.28","1278035","","","","0"
"2013","Canada","2016A000011124","Value","All households","Adjusted household disposable income","Dollars","81","millions","6","v1059426366","1.1.1.28","1331743","","","","0"
"2014","Canada","2016A000011124","Value","All households","Adjusted household disposable income","Dollars","81","millions","6","v1059426366","1.1.1.28","1374756","","","","0"
"2015","Canada","2016A000011124","Value","All households","Adjusted household disposable income","Dollars","81","millions","6","v1059426366","1.1.1.28","1432682","","","","0"
"2016","Canada","2016A000011124","Value","All households","Adjusted household disposable income","Dollars","81","millions","6","v1059426366","1.1.1.28","1445647","","","","0"
"2017","Canada","2016A000011124","Value","All households","Adjusted household disposable income","Dollars","81","millions","6","v1059426366","1.1.1.28","1513881","","","","0"
"2018","Canada","2016A000011124","Value","All households","Adjusted household disposable income","Dollars","81","millions","6","v1059426366","1.1.1.28","1561880","","","","0"
"2019","Canada","2016A000011124","Value","All households","Adjusted household disposable income","Dollars","81","millions","6","v1059426366","1.1.1.28","1630217","","","","0"
"2020","Canada","2016A000011124","Value","All households","Adjusted household disposable income","Dollars","81","millions","6","v1059426366","1.1.1.28","1756696","","","","0"
"2021","Canada","2016A000011124","Value","All households","Adjusted household disposable income","Dollars","81","millions","6","v1059426366","1.1.1.28","1841123","","","","0"
"2022","Canada","2016A000011124","Value","All households","Adjusted household disposable income","Dollars","81","millions","6","v1059426366","1.1.1.28","1949826","","","","0"
"2008","Canada","2016A000011124","Value","All households","Household final consumption expenditure (HFCE)","Dollars","81","millions","6","v116885921","1.1.1.8","878505","","","","0"
"2009","Canada","2016A000011124","Value","All households","Household final consumption expenditure (HFCE)","Dollars","81","millions","6","v116885921","1.1.1.8","881692","","","","0"
"2010","Canada","2016A000011124","Value","All households","Household final consumption expenditure (HFCE)","Dollars","81","millions","6","v116885921","1.1.1.8","926716","","","","0"
"2011","Canada","2016A000011124","Value","All households","Household final consumption expenditure (HFCE)","Dollars","81","millions","6","v116885921","1.1.1.8","967078","","","","0"
"2012","Canada","2016A000011124","Value","All households","Household final consumption expenditure (HFCE)","Dollars","81","millions","6","v116885921","1.1.1.8","998055","","","","0"
"2013","Canada","2016A000011124","Value","All households","Household final consumption expenditure (HFCE)","Dollars","81","millions","6","v116885921","1.1.1.8","1038084","","","","0"
"2014","Canada","2016A000011124","Value","All households","Household final consumption expenditure (HFCE)","Dollars","81","millions","6","v116885921","1.1.1.8","1086255","","","","0"
"2015","Canada","2016A000011124","Value","All households","Household final consumption expenditure (HFCE)","Dollars","81","millions","6","v116885921","1.1.1.8","1122080","","","","0"
"2016","Canada","2016A000011124","Value","All households","Household final consumption expenditure (HFCE)","Dollars","81","millions","6","v116885921","1.1.1.8","1153666","","","","0"
"2017","Canada","2016A000011124","Value","All households","Household final consumption expenditure (HFCE)","Dollars","81","millions","6","v116885921","1.1.1.8","1209153","","","","0"
"2018","Canada","2016A000011124","Value","All households","Household final consumption expenditure (HFCE)","Dollars","81","millions","6","v116885921","1.1.1.8","1260445","","","","0"
"2019","Canada","2016A000011124","Value","All households","Household final consumption expenditure (HFCE)","Dollars","81","millions","6","v116885921","1.1.1.8","1300816","","","","0"
"2020","Canada","2016A000011124","Value","All households","Household final consumption expenditure (HFCE)","Dollars","81","millions","6","v116885921","1.1.1.8","1227897","","","","0"
"2021","Canada","2016A000011124","Value","All households","Household final consumption expenditure (HFCE)","Dollars","81","millions","6","v116885921","1.1.1.8","1327636","","","","0"
"2022","Canada","2016A000011124","Value","All households","Household final consumption expenditure (HFCE)","Dollars","81","millions","6","v116885921","1.1.1.8","1469670","","","","0"
"2008","Canada","2016A000011124","Value","All households","Food and non-alcoholic beverages","Dollars","81","millions","6","v116885922","1.1.1.9","79394","","","","0"
"2009","Canada","2016A000011124","Value","All households","Food and non-alcoholic beverages","Dollars","81","millions","6","v116885922","1.1.1.9","84166","","","","0"
"2010","Canada","2016A000011124","Value","All households","Food and non-alcoholic beverages","Dollars","81","millions","6","v116885922","1.1.1.9","86223","","","","0"
"2011","Canada","2016A000011124","Value","All households","Food and non-alcoholic beverages","Dollars","81","millions","6","v116885922","1.1.1.9","89033","","","","0"
"2012","Canada","2016A000011124","Value","All households","Food and non-alcoholic beverages","Dollars","81","millions","6","v116885922","1.1.1.9","91619","","","","0"
"2013","Canada","2016A000011124","Value","All households","Food and non-alcoholic beverages","Dollars","81","millions","6","v116885922","1.1.1.9","94538","","","","0"
"2014","Canada","2016A000011124","Value","All households","Food and non-alcoholic beverages","Dollars","81","millions","6","v116885922","1.1.1.9","98670","","","","0"
"2015","Canada","2016A000011124","Value","All households","Food and non-alcoholic beverages","Dollars","81","millions","6","v116885922","1.1.1.9","102658","","","","0"
"2016","Canada","2016A000011124","Value","All households","Food and non-alcoholic beverages","Dollars","81","millions","6","v116885922","1.1.1.9","105137","","","","0"
"2017","Canada","2016A000011124","Value","All households","Food and non-alcoholic beverages","Dollars","81","millions","6","v116885922","1.1.1.9","109628","","","","0"
"2018","Canada","2016A000011124","Value","All households","Food and non-alcoholic beverages","Dollars","81","millions","6","v116885922","1.1.1.9","111574","","","","0"
"2019","Canada","2016A000011124","Value","All households","Food and non-alcoholic beverages","Dollars","81","millions","6","v116885922","1.1.1.9","115912","","","","0"
"2020","Canada","2016A000011124","Value","All households","Food and non-alcoholic beverages","Dollars","81","millions","6","v116885922","1.1.1.9","128000","","","","0"
"2021","Canada","2016A000011124","Value","All households","Food and non-alcoholic beverages","Dollars","81","millions","6","v116885922","1.1.1.9","129710","","","","0"
"2022","Canada","2016A000011124","Value","All households","Food and non-alcoholic beverages","Dollars","81","millions","6","v116885922","1.1.1.9","138047","","","","0"
"2008","Canada","2016A000011124","Value","All households","Alcoholic beverages and tobacco","Dollars","81","millions","6","v116885923","1.1.1.10","35605","","","","0"
"2009","Canada","2016A000011124","Value","All households","Alcoholic beverages and tobacco","Dollars","81","millions","6","v116885923","1.1.1.10","36033","","","","0"
"2010","Canada","2016A000011124","Value","All households","Alcoholic beverages and tobacco","Dollars","81","millions","6","v116885923","1.1.1.10","37477","","","","0"
"2011","Canada","2016A000011124","Value","All households","Alcoholic beverages and tobacco","Dollars","81","millions","6","v116885923","1.1.1.10","38506","","","","0"
"2012","Canada","2016A000011124","Value","All households","Alcoholic beverages and tobacco","Dollars","81","millions","6","v116885923","1.1.1.10","39828","","","","0"
"2013","Canada","2016A000011124","Value","All households","Alcoholic beverages and tobacco","Dollars","81","millions","6","v116885923","1.1.1.10","40679","","","","0"
"2014","Canada","2016A000011124","Value","All households","Alcoholic beverages and tobacco","Dollars","81","millions","6","v116885923","1.1.1.10","42050","","","","0"
"2015","Canada","2016A000011124","Value","All households","Alcoholic beverages and tobacco","Dollars","81","millions","6","v116885923","1.1.1.10","43354","","","","0"
"2016","Canada","2016A000011124","Value","All households","Alcoholic beverages and tobacco","Dollars","81","millions","6","v116885923","1.1.1.10","44523","","","","0"
"2017","Canada","2016A000011124","Value","All households","Alcoholic beverages and tobacco","Dollars","81","millions","6","v116885923","1.1.1.10","45376","","","","0"
"2018","Canada","2016A000011124","Value","All households","Alcoholic beverages and tobacco","Dollars","81","millions","6","v116885923","1.1.1.10","48672","","","","0"
"2019","Canada","2016A000011124","Value","All households","Alcoholic beverages and tobacco","Dollars","81","millions","6","v116885923","1.1.1.10","48571","","","","0"
"2020","Canada","2016A000011124","Value","All households","Alcoholic beverages and tobacco","Dollars","81","millions","6","v116885923","1.1.1.10","50546","","","","0"
"2021","Canada","2016A000011124","Value","All households","Alcoholic beverages and tobacco","Dollars","81","millions","6","v116885923","1.1.1.10","51010","","","","0"
"2022","Canada","2016A000011124","Value","All households","Alcoholic beverages and tobacco","Dollars","81","millions","6","v116885923","1.1.1.10","51749","","","","0"
"2008","Canada","2016A000011124","Value","All households","Clothing and footwear","Dollars","81","millions","6","v116885924","1.1.1.11","37507","","","","0"
"2009","Canada","2016A000011124","Value","All households","Clothing and footwear","Dollars","81","millions","6","v116885924","1.1.1.11","36964","","","","0"
"2010","Canada","2016A000011124","Value","All households","Clothing and footwear","Dollars","81","millions","6","v116885924","1.1.1.11","38677","","","","0"
"2011","Canada","2016A000011124","Value","All households","Clothing and footwear","Dollars","81","millions","6","v116885924","1.1.1.11","40029","","","","0"
"2012","Canada","2016A000011124","Value","All households","Clothing and footwear","Dollars","81","millions","6","v116885924","1.1.1.11","41119","","","","0"
"2013","Canada","2016A000011124","Value","All households","Clothing and footwear","Dollars","81","millions","6","v116885924","1.1.1.11","42358","","","","0"
"2014","Canada","2016A000011124","Value","All households","Clothing and footwear","Dollars","81","millions","6","v116885924","1.1.1.11","44626","","","","0"
"2015","Canada","2016A000011124","Value","All households","Clothing and footwear","Dollars","81","millions","6","v116885924","1.1.1.11","47299","","","","0"
"2016","Canada","2016A000011124","Value","All households","Clothing and footwear","Dollars","81","millions","6","v116885924","1.1.1.11","47876","","","","0"
"2017","Canada","2016A000011124","Value","All households","Clothing and footwear","Dollars","81","millions","6","v116885924","1.1.1.11","49289","","","","0"
"2018","Canada","2016A000011124","Value","All households","Clothing and footwear","Dollars","81","millions","6","v116885924","1.1.1.11","61997","","","","0"
"2019","Canada","2016A000011124","Value","All households","Clothing and footwear","Dollars","81","millions","6","v116885924","1.1.1.11","63586","","","","0"
"2020","Canada","2016A000011124","Value","All households","Clothing and footwear","Dollars","81","millions","6","v116885924","1.1.1.11","50408","","","","0"
"2021","Canada","2016A000011124","Value","All households","Clothing and footwear","Dollars","81","millions","6","v116885924","1.1.1.11","58853","","","","0"
"2022","Canada","2016A000011124","Value","All households","Clothing and footwear","Dollars","81","millions","6","v116885924","1.1.1.11","69437","","","","0"
"2008","Canada","2016A000011124","Value","All households","Housing, water, electricity, gas and other fuels","Dollars","81","millions","6","v116885925","1.1.1.12","200145","","","","0"
"2009","Canada","2016A000011124","Value","All households","Housing, water, electricity, gas and other fuels","Dollars","81","millions","6","v116885925","1.1.1.12","205828","","","","0"
"2010","Canada","2016A000011124","Value","All households","Housing, water, electricity, gas and other fuels","Dollars","81","millions","6","v116885925","1.1.1.12","214534","","","","0"
"2011","Canada","2016A000011124","Value","All households","Housing, water, electricity, gas and other fuels","Dollars","81","millions","6","v116885925","1.1.1.12","224318","","","","0"
"2012","Canada","2016A000011124","Value","All households","Housing, water, electricity, gas and other fuels","Dollars","81","millions","6","v116885925","1.1.1.12","232923","","","","0"
"2013","Canada","2016A000011124","Value","All households","Housing, water, electricity, gas and other fuels","Dollars","81","millions","6","v116885925","1.1.1.12","244457","","","","0"
"2014","Canada","2016A000011124","Value","All households","Housing, water, electricity, gas and other fuels","Dollars","81","millions","6","v116885925","1.1.1.12","257191","","","","0"
"2015","Canada","2016A000011124","Value","All households","Housing, water, electricity, gas and other fuels","Dollars","81","millions","6","v116885925","1.1.1.12","266997","","","","0"
"2016","Canada","2016A000011124","Value","All households","Housing, water, electricity, gas and other fuels","Dollars","81","millions","6","v116885925","1.1.1.12","275833","","","","0"
"2017","Canada","2016A000011124","Value","All households","Housing, water, electricity, gas and other fuels","Dollars","81","millions","6","v116885925","1.1.1.12","288655","","","","0"
"2018","Canada","2016A000011124","Value","All households","Housing, water, electricity, gas and other fuels","Dollars","81","millions","6","v116885925","1.1.1.12","275918","","","","0"
"2019","Canada","2016A000011124","Value","All households","Housing, water, electricity, gas and other fuels","Dollars","81","millions","6","v116885925","1.1.1.12","290065","","","","0"
"2020","Canada","2016A000011124","Value","All households","Housing, water, electricity, gas and other fuels","Dollars","81","millions","6","v116885925","1.1.1.12","302490","","","","0"
"2021","Canada","2016A000011124","Value","All households","Housing, water, electricity, gas and other fuels","Dollars","81","millions","6","v116885925","1.1.1.12","315491","","","","0"
"2022","Canada","2016A000011124","Value","All households","Housing, water, electricity, gas and other fuels","Dollars","81","millions","6","v116885925","1.1.1.12","341619","","","","0"
"2008","Canada","2016A000011124","Value","All households","Furnishings, household equipment and other goods and services related to the dwelling and property","Dollars","81","millions","6","v116885926","1.1.1.13","52639","","","","0"
"2009","Canada","2016A000011124","Value","All households","Furnishings, household equipment and other goods and services related to the dwelling and property","Dollars","81","millions","6","v116885926","1.1.1.13","52060","","","","0"
"2010","Canada","2016A000011124","Value","All households","Furnishings, household equipment and other goods and services related to the dwelling and property","Dollars","81","millions","6","v116885926","1.1.1.13","53422","","","","0"
"2011","Canada","2016A000011124","Value","All households","Furnishings, household equipment and other goods and services related to the dwelling and property","Dollars","81","millions","6","v116885926","1.1.1.13","53901","","","","0"
"2012","Canada","2016A000011124","Value","All households","Furnishings, household equipment and other goods and services related to the dwelling and property","Dollars","81","millions","6","v116885926","1.1.1.13","54543","","","","0"
"2013","Canada","2016A000011124","Value","All households","Furnishings, household equipment and other goods and services related to the dwelling and property","Dollars","81","millions","6","v116885926","1.1.1.13","55877","","","","0"
"2014","Canada","2016A000011124","Value","All households","Furnishings, household equipment and other goods and services related to the dwelling and property","Dollars","81","millions","6","v116885926","1.1.1.13","58285","","","","0"
"2015","Canada","2016A000011124","Value","All households","Furnishings, household equipment and other goods and services related to the dwelling and property","Dollars","81","millions","6","v116885926","1.1.1.13","60547","","","","0"
"2016","Canada","2016A000011124","Value","All households","Furnishings, household equipment and other goods and services related to the dwelling and property","Dollars","81","millions","6","v116885926","1.1.1.13","62858","","","","0"
"2017","Canada","2016A000011124","Value","All households","Furnishings, household equipment and other goods and services related to the dwelling and property","Dollars","81","millions","6","v116885926","1.1.1.13","65200","","","","0"
"2018","Canada","2016A000011124","Value","All households","Furnishings, household equipment and other goods and services related to the dwelling and property","Dollars","81","millions","6","v116885926","1.1.1.13","76452","","","","0"
"2019","Canada","2016A000011124","Value","All households","Furnishings, household equipment and other goods and services related to the dwelling and property","Dollars","81","millions","6","v116885926","1.1.1.13","79251","","","","0"
"2020","Canada","2016A000011124","Value","All households","Furnishings, household equipment and other goods and services related to the dwelling and property","Dollars","81","millions","6","v116885926","1.1.1.13","84579","","","","0"
"2021","Canada","2016A000011124","Value","All households","Furnishings, household equipment and other goods and services related to the dwelling and property","Dollars","81","millions","6","v116885926","1.1.1.13","93833","","","","0"
"2022","Canada","2016A000011124","Value","All households","Furnishings, household equipment and other goods and services related to the dwelling and property","Dollars","81","millions","6","v116885926","1.1.1.13","97809","","","","0"
"2008","Canada","2016A000011124","Value","All households","Health","Dollars","81","millions","6","v116885927","1.1.1.14","35944","","","","0"
"2009","Canada","2016A000011124","Value","All households","Health","Dollars","81","millions","6","v116885927","1.1.1.14","37843","","","","0"
"2010","Canada","2016A000011124","Value","All households","Health","Dollars","81","millions","6","v116885927","1.1.1.14","39809","","","","0"
"2011","Canada","2016A000011124","Value","All households","Health","Dollars","81","millions","6","v116885927","1.1.1.14","41354","","","","0"
"2012","Canada","2016A000011124","Value","All households","Health","Dollars","81","millions","6","v116885927","1.1.1.14","42508","","","","0"
"2013","Canada","2016A000011124","Value","All households","Health","Dollars","81","millions","6","v116885927","1.1.1.14","44037","","","","0"
"2014","Canada","2016A000011124","Value","All households","Health","Dollars","81","millions","6","v116885927","1.1.1.14","45717","","","","0"
"2015","Canada","2016A000011124","Value","All households","Health","Dollars","81","millions","6","v116885927","1.1.1.14","47935","","","","0"
"2016","Canada","2016A000011124","Value","All households","Health","Dollars","81","millions","6","v116885927","1.1.1.14","50188","","","","0"
"2017","Canada","2016A000011124","Value","All households","Health","Dollars","81","millions","6","v116885927","1.1.1.14","52376","","","","0"
"2018","Canada","2016A000011124","Value","All households","Health","Dollars","81","millions","6","v116885927","1.1.1.14","51350","","","","0"
"2019","Canada","2016A000011124","Value","All households","Health","Dollars","81","millions","6","v116885927","1.1.1.14","53421","","","","0"
"2020","Canada","2016A000011124","Value","All households","Health","Dollars","81","millions","6","v116885927","1.1.1.14","49194","","","","0"
"2021","Canada","2016A000011124","Value","All households","Health","Dollars","81","millions","6","v116885927","1.1.1.14","53959","","","","0"
"2022","Canada","2016A000011124","Value","All households","Health","Dollars","81","millions","6","v116885927","1.1.1.14","59541","","","","0"
"2008","Canada","2016A000011124","Value","All households","Transport","Dollars","81","millions","6","v116885928","1.1.1.15","134707","","","","0"
"2009","Canada","2016A000011124","Value","All households","Transport","Dollars","81","millions","6","v116885928","1.1.1.15","125375","","","","0"
"2010","Canada","2016A000011124","Value","All households","Transport","Dollars","81","millions","6","v116885928","1.1.1.15","137860","","","","0"
"2011","Canada","2016A000011124","Value","All households","Transport","Dollars","81","millions","6","v116885928","1.1.1.15","148259","","","","0"
"2012","Canada","2016A000011124","Value","All households","Transport","Dollars","81","millions","6","v116885928","1.1.1.15","155318","","","","0"
"2013","Canada","2016A000011124","Value","All households","Transport","Dollars","81","millions","6","v116885928","1.1.1.15","163831","","","","0"
"2014","Canada","2016A000011124","Value","All households","Transport","Dollars","81","millions","6","v116885928","1.1.1.15","172794","","","","0"
"2015","Canada","2016A000011124","Value","All households","Transport","Dollars","81","millions","6","v116885928","1.1.1.15","172494","","","","0"
"2016","Canada","2016A000011124","Value","All households","Transport","Dollars","81","millions","6","v116885928","1.1.1.15","176475","","","","0"
"2017","Canada","2016A000011124","Value","All households","Transport","Dollars","81","millions","6","v116885928","1.1.1.15","189321","","","","0"
"2018","Canada","2016A000011124","Value","All households","Transport","Dollars","81","millions","6","v116885928","1.1.1.15","208408","","","","0"
"2019","Canada","2016A000011124","Value","All households","Transport","Dollars","81","millions","6","v116885928","1.1.1.15","209236","","","","0"
"2020","Canada","2016A000011124","Value","All households","Transport","Dollars","81","millions","6","v116885928","1.1.1.15","162733","","","","0"
"2021","Canada","2016A000011124","Value","All households","Transport","Dollars","81","millions","6","v116885928","1.1.1.15","186865","","","","0"
"2022","Canada","2016A000011124","Value","All households","Transport","Dollars","81","millions","6","v116885928","1.1.1.15","221035","","","","0"
"2008","Canada","2016A000011124","Value","All households","Communications","Dollars","81","millions","6","v116885929","1.1.1.16","21030","","","","0"
"2009","Canada","2016A000011124","Value","All households","Communications","Dollars","81","millions","6","v116885929","1.1.1.16","22551","","","","0"
"2010","Canada","2016A000011124","Value","All households","Communications","Dollars","81","millions","6","v116885929","1.1.1.16","23423","","","","0"
"2011","Canada","2016A000011124","Value","All households","Communications","Dollars","81","millions","6","v116885929","1.1.1.16","24745","","","","0"
"2012","Canada","2016A000011124","Value","All households","Communications","Dollars","81","millions","6","v116885929","1.1.1.16","25561","","","","0"
"2013","Canada","2016A000011124","Value","All households","Communications","Dollars","81","millions","6","v116885929","1.1.1.16","26831","","","","0"
"2014","Canada","2016A000011124","Value","All households","Communications","Dollars","81","millions","6","v116885929","1.1.1.16","28184","","","","0"
"2015","Canada","2016A000011124","Value","All households","Communications","Dollars","81","millions","6","v116885929","1.1.1.16","29495","","","","0"
"2016","Canada","2016A000011124","Value","All households","Communications","Dollars","81","millions","6","v116885929","1.1.1.16","30697","","","","0"
"2017","Canada","2016A000011124","Value","All households","Communications","Dollars","81","millions","6","v116885929","1.1.1.16","33112","","","","0"
"2018","Canada","2016A000011124","Value","All households","Communications","Dollars","81","millions","6","v116885929","1.1.1.16","32218","","","","0"
"2019","Canada","2016A000011124","Value","All households","Communications","Dollars","81","millions","6","v116885929","1.1.1.16","33337","","","","0"
"2020","Canada","2016A000011124","Value","All households","Communications","Dollars","81","millions","6","v116885929","1.1.1.16","33158","","","","0"
"2021","Canada","2016A000011124","Value","All households","Communications","Dollars","81","millions","6","v116885929","1.1.1.16","33534","","","","0"
"2022","Canada","2016A000011124","Value","All households","Communications","Dollars","81","millions","6","v116885929","1.1.1.16","35056","","","","0"
"2008","Canada","2016A000011124","Value","All households","Recreation and culture","Dollars","81","millions","6","v116885930","1.1.1.17","83203","","","","0"
"2009","Canada","2016A000011124","Value","All households","Recreation and culture","Dollars","81","millions","6","v116885930","1.1.1.17","83559","","","","0"
"2010","Canada","2016A000011124","Value","All households","Recreation and culture","Dollars","81","millions","6","v116885930","1.1.1.17","86079","","","","0"
"2011","Canada","2016A000011124","Value","All households","Recreation and culture","Dollars","81","millions","6","v116885930","1.1.1.17","88040","","","","0"
"2012","Canada","2016A000011124","Value","All households","Recreation and culture","Dollars","81","millions","6","v116885930","1.1.1.17","89397","","","","0"
"2013","Canada","2016A000011124","Value","All households","Recreation and culture","Dollars","81","millions","6","v116885930","1.1.1.17","90358","","","","0"
"2014","Canada","2016A000011124","Value","All households","Recreation and culture","Dollars","81","millions","6","v116885930","1.1.1.17","92395","","","","0"
"2015","Canada","2016A000011124","Value","All households","Recreation and culture","Dollars","81","millions","6","v116885930","1.1.1.17","94536","","","","0"
"2016","Canada","2016A000011124","Value","All households","Recreation and culture","Dollars","81","millions","6","v116885930","1.1.1.17","95717","","","","0"
"2017","Canada","2016A000011124","Value","All households","Recreation and culture","Dollars","81","millions","6","v116885930","1.1.1.17","97781","","","","0"
"2018","Canada","2016A000011124","Value","All households","Recreation and culture","Dollars","81","millions","6","v116885930","1.1.1.17","112177","","","","0"
"2019","Canada","2016A000011124","Value","All households","Recreation and culture","Dollars","81","millions","6","v116885930","1.1.1.17","114121","","","","0"
"2020","Canada","2016A000011124","Value","All households","Recreation and culture","Dollars","81","millions","6","v116885930","1.1.1.17","108513","","","","0"
"2021","Canada","2016A000011124","Value","All households","Recreation and culture","Dollars","81","millions","6","v116885930","1.1.1.17","119676","","","","0"
"2022","Canada","2016A000011124","Value","All households","Recreation and culture","Dollars","81","millions","6","v116885930","1.1.1.17","131778","","","","0"
"2008","Canada","2016A000011124","Value","All households","Education","Dollars","81","millions","6","v116885931","1.1.1.18","10973","","","","0"
"2009","Canada","2016A000011124","Value","All households","Education","Dollars","81","millions","6","v116885931","1.1.1.18","11838","","","","0"
"2010","Canada","2016A000011124","Value","All households","Education","Dollars","81","millions","6","v116885931","1.1.1.18","12578","","","","0"
"2011","Canada","2016A000011124","Value","All households","Education","Dollars","81","millions","6","v116885931","1.1.1.18","13347","","","","0"
"2012","Canada","2016A000011124","Value","All households","Education","Dollars","81","millions","6","v116885931","1.1.1.18","14235","","","","0"
"2013","Canada","2016A000011124","Value","All households","Education","Dollars","81","millions","6","v116885931","1.1.1.18","15168","","","","0"
"2014","Canada","2016A000011124","Value","All households","Education","Dollars","81","millions","6","v116885931","1.1.1.18","15012","","","","0"
"2015","Canada","2016A000011124","Value","All households","Education","Dollars","81","millions","6","v116885931","1.1.1.18","15786","","","","0"
"2016","Canada","2016A000011124","Value","All households","Education","Dollars","81","millions","6","v116885931","1.1.1.18","16551","","","","0"
"2017","Canada","2016A000011124","Value","All households","Education","Dollars","81","millions","6","v116885931","1.1.1.18","20681","","","","0"
"2018","Canada","2016A000011124","Value","All households","Education","Dollars","81","millions","6","v116885931","1.1.1.18","16110","","","","0"
"2019","Canada","2016A000011124","Value","All households","Education","Dollars","81","millions","6","v116885931","1.1.1.18","16910","","","","0"
"2020","Canada","2016A000011124","Value","All households","Education","Dollars","81","millions","6","v116885931","1.1.1.18","16390","","","","0"
"2021","Canada","2016A000011124","Value","All households","Education","Dollars","81","millions","6","v116885931","1.1.1.18","16801","","","","0"
"2022","Canada","2016A000011124","Value","All households","Education","Dollars","81","millions","6","v116885931","1.1.1.18","18093","","","","0"
"2008","Canada","2016A000011124","Value","All households","Food, beverage and accommodation services","Dollars","81","millions","6","v116885932","1.1.1.19","64439","","","","0"
"2009","Canada","2016A000011124","Value","All households","Food, beverage and accommodation services","Dollars","81","millions","6","v116885932","1.1.1.19","64620","","","","0"
"2010","Canada","2016A000011124","Value","All households","Food, beverage and accommodation services","Dollars","81","millions","6","v116885932","1.1.1.19","67606","","","","0"
"2011","Canada","2016A000011124","Value","All households","Food, beverage and accommodation services","Dollars","81","millions","6","v116885932","1.1.1.19","70736","","","","0"
"2012","Canada","2016A000011124","Value","All households","Food, beverage and accommodation services","Dollars","81","millions","6","v116885932","1.1.1.19","74115","","","","0"
"2013","Canada","2016A000011124","Value","All households","Food, beverage and accommodation services","Dollars","81","millions","6","v116885932","1.1.1.19","77153","","","","0"
"2014","Canada","2016A000011124","Value","All households","Food, beverage and accommodation services","Dollars","81","millions","6","v116885932","1.1.1.19","80380","","","","0"
"2015","Canada","2016A000011124","Value","All households","Food, beverage and accommodation services","Dollars","81","millions","6","v116885932","1.1.1.19","83572","","","","0"
"2016","Canada","2016A000011124","Value","All households","Food, beverage and accommodation services","Dollars","81","millions","6","v116885932","1.1.1.19","85392","","","","0"
"2017","Canada","2016A000011124","Value","All households","Food, beverage and accommodation services","Dollars","81","millions","6","v116885932","1.1.1.19","86508","","","","0"
"2018","Canada","2016A000011124","Value","All households","Food, beverage and accommodation services","Dollars","81","millions","6","v116885932","1.1.1.19","96227","","","","0"
"2019","Canada","2016A000011124","Value","All households","Food, beverage and accommodation services","Dollars","81","millions","6","v116885932","1.1.1.19","100436","","","","0"
"2020","Canada","2016A000011124","Value","All households","Food, beverage and accommodation services","Dollars","81","millions","6","v116885932","1.1.1.19","68985","","","","0"
"2021","Canada","2016A000011124","Value","All households","Food, beverage and accommodation services","Dollars","81","millions","6","v116885932","1.1.1.19","80968","","","","0"
"2022","Canada","2016A000011124","Value","All households","Food, beverage and accommodation services","Dollars","81","millions","6","v116885932","1.1.1.19","106738","","","","0"
"2008","Canada","2016A000011124","Value","All households","Insurance and financial services","Dollars","81","millions","6","v116885933","1.1.1.20","78026","","","","0"
"2009","Canada","2016A000011124","Value","All households","Insurance and financial services","Dollars","81","millions","6","v116885933","1.1.1.20","74669","","","","0"
"2010","Canada","2016A000011124","Value","All households","Insurance and financial services","Dollars","81","millions","6","v116885933","1.1.1.20","80704","","","","0"
"2011","Canada","2016A000011124","Value","All households","Insurance and financial services","Dollars","81","millions","6","v116885933","1.1.1.20","84381","","","","0"
"2012","Canada","2016A000011124","Value","All households","Insurance and financial services","Dollars","81","millions","6","v116885933","1.1.1.20","84478","","","","0"
"2013","Canada","2016A000011124","Value","All households","Insurance and financial services","Dollars","81","millions","6","v116885933","1.1.1.20","88828","","","","0"
"2014","Canada","2016A000011124","Value","All households","Insurance and financial services","Dollars","81","millions","6","v116885933","1.1.1.20","94556","","","","0"
"2015","Canada","2016A000011124","Value","All households","Insurance and financial services","Dollars","81","millions","6","v116885933","1.1.1.20","98811","","","","0"
"2016","Canada","2016A000011124","Value","All households","Insurance and financial services","Dollars","81","millions","6","v116885933","1.1.1.20","101962","","","","0"
"2017","Canada","2016A000011124","Value","All households","Insurance and financial services","Dollars","81","millions","6","v116885933","1.1.1.20","108202","","","","0"
"2018","Canada","2016A000011124","Value","All households","Insurance and financial services","Dollars","81","millions","6","v116885933","1.1.1.20","103247","","","","0"
"2019","Canada","2016A000011124","Value","All households","Insurance and financial services","Dollars","81","millions","6","v116885933","1.1.1.20","106821","","","","0"
"2020","Canada","2016A000011124","Value","All households","Insurance and financial services","Dollars","81","millions","6","v116885933","1.1.1.20","109557","","","","0"
"2021","Canada","2016A000011124","Value","All households","Insurance and financial services","Dollars","81","millions","6","v116885933","1.1.1.20","118290","","","","0"
"2022","Canada","2016A000011124","Value","All households","Insurance and financial services","Dollars","81","millions","6","v116885933","1.1.1.20","121458","","","","0"
"2008","Canada","2016A000011124","Value","All households","Miscellaneous goods and services","Dollars","81","millions","6","v116885934","1.1.1.21","44893","","","","0"
"2009","Canada","2016A000011124","Value","All households","Miscellaneous goods and services","Dollars","81","millions","6","v116885934","1.1.1.21","46186","","","","0"
"2010","Canada","2016A000011124","Value","All households","Miscellaneous goods and services","Dollars","81","millions","6","v116885934","1.1.1.21","48324","","","","0"
"2011","Canada","2016A000011124","Value","All households","Miscellaneous goods and services","Dollars","81","millions","6","v116885934","1.1.1.21","50429","","","","0"
"2012","Canada","2016A000011124","Value","All households","Miscellaneous goods and services","Dollars","81","millions","6","v116885934","1.1.1.21","52411","","","","0"
"2013","Canada","2016A000011124","Value","All households","Miscellaneous goods and services","Dollars","81","millions","6","v116885934","1.1.1.21","53969","","","","0"
"2014","Canada","2016A000011124","Value","All households","Miscellaneous goods and services","Dollars","81","millions","6","v116885934","1.1.1.21","56395","","","","0"
"2015","Canada","2016A000011124","Value","All households","Miscellaneous goods and services","Dollars","81","millions","6","v116885934","1.1.1.21","58596","","","","0"
"2016","Canada","2016A000011124","Value","All households","Miscellaneous goods and services","Dollars","81","millions","6","v116885934","1.1.1.21","60457","","","","0"
"2017","Canada","2016A000011124","Value","All households","Miscellaneous goods and services","Dollars","81","millions","6","v116885934","1.1.1.21","63024","","","","0"
"2018","Canada","2016A000011124","Value","All households","Miscellaneous goods and services","Dollars","81","millions","6","v116885934","1.1.1.21","66095","","","","0"
"2019","Canada","2016A000011124","Value","All households","Miscellaneous goods and services","Dollars","81","millions","6","v116885934","1.1.1.21","69149","","","","0"
"2020","Canada","2016A000011124","Value","All households","Miscellaneous goods and services","Dollars","81","millions","6","v116885934","1.1.1.21","63344","","","","0"
"2021","Canada","2016A000011124","Value","All households","Miscellaneous goods and services","Dollars","81","millions","6","v116885934","1.1.1.21","68646","","","","0"
"2022","Canada","2016A000011124","Value","All households","Miscellaneous goods and services","Dollars","81","millions","6","v116885934","1.1.1.21","77310","","","","0"
"2008","Canada","2016A000011124","Value","All households","Social transfers in kind (STiK)","Dollars","81","millions","6","v1059426367","1.1.1.29","237315","","","","0"
"2009","Canada","2016A000011124","Value","All households","Social transfers in kind (STiK)","Dollars","81","millions","6","v1059426367","1.1.1.29","248043","","","","0"
"2010","Canada","2016A000011124","Value","All households","Social transfers in kind (STiK)","Dollars","81","millions","6","v1059426367","1.1.1.29","257248","","","","0"
"2011","Canada","2016A000011124","Value","All households","Social transfers in kind (STiK)","Dollars","81","millions","6","v1059426367","1.1.1.29","270314","","","","0"
"2012","Canada","2016A000011124","Value","All households","Social transfers in kind (STiK)","Dollars","81","millions","6","v1059426367","1.1.1.29","276781","","","","0"
"2013","Canada","2016A000011124","Value","All households","Social transfers in kind (STiK)","Dollars","81","millions","6","v1059426367","1.1.1.29","284952","","","","0"
"2014","Canada","2016A000011124","Value","All households","Social transfers in kind (STiK)","Dollars","81","millions","6","v1059426367","1.1.1.29","293102","","","","0"
"2015","Canada","2016A000011124","Value","All households","Social transfers in kind (STiK)","Dollars","81","millions","6","v1059426367","1.1.1.29","302807","","","","0"
"2016","Canada","2016A000011124","Value","All households","Social transfers in kind (STiK)","Dollars","81","millions","6","v1059426367","1.1.1.29","312884","","","","0"
"2017","Canada","2016A000011124","Value","All households","Social transfers in kind (STiK)","Dollars","81","millions","6","v1059426367","1.1.1.29","324515","","","","0"
"2018","Canada","2016A000011124","Value","All households","Social transfers in kind (STiK)","Dollars","81","millions","6","v1059426367","1.1.1.29","336961","","","","0"
"2019","Canada","2016A000011124","Value","All households","Social transfers in kind (STiK)","Dollars","81","millions","6","v1059426367","1.1.1.29","349855","","","","0"
"2020","Canada","2016A000011124","Value","All households","Social transfers in kind (STiK)","Dollars","81","millions","6","v1059426367","1.1.1.29","369336","","","","0"
"2021","Canada","2016A000011124","Value","All households","Social transfers in kind (STiK)","Dollars","81","millions","6","v1059426367","1.1.1.29","396554","","","","0"
"2022","Canada","2016A000011124","Value","All households","Social transfers in kind (STiK)","Dollars","81","millions","6","v1059426367","1.1.1.29","429133","","","","0"
"2008","Canada","2016A000011124","Value","All households","Social transfers in kind (STiK): education","Dollars","81","millions","6","v1059426368","1.1.1.30","76991","","","","0"
"2009","Canada","2016A000011124","Value","All households","Social transfers in kind (STiK): education","Dollars","81","millions","6","v1059426368","1.1.1.30","80679","","","","0"
"2010","Canada","2016A000011124","Value","All households","Social transfers in kind (STiK): education","Dollars","81","millions","6","v1059426368","1.1.1.30","83671","","","","0"
"2011","Canada","2016A000011124","Value","All households","Social transfers in kind (STiK): education","Dollars","81","millions","6","v1059426368","1.1.1.30","87614","","","","0"
"2012","Canada","2016A000011124","Value","All households","Social transfers in kind (STiK): education","Dollars","81","millions","6","v1059426368","1.1.1.30","88828","","","","0"
"2013","Canada","2016A000011124","Value","All households","Social transfers in kind (STiK): education","Dollars","81","millions","6","v1059426368","1.1.1.30","91034","","","","0"
"2014","Canada","2016A000011124","Value","All households","Social transfers in kind (STiK): education","Dollars","81","millions","6","v1059426368","1.1.1.30","93513","","","","0"
"2015","Canada","2016A000011124","Value","All households","Social transfers in kind (STiK): education","Dollars","81","millions","6","v1059426368","1.1.1.30","95214","","","","0"
"2016","Canada","2016A000011124","Value","All households","Social transfers in kind (STiK): education","Dollars","81","millions","6","v1059426368","1.1.1.30","97284","","","","0"
"2017","Canada","2016A000011124","Value","All households","Social transfers in kind (STiK): education","Dollars","81","millions","6","v1059426368","1.1.1.30","101239","","","","0"
"2018","Canada","2016A000011124","Value","All households","Social transfers in kind (STiK): education","Dollars","81","millions","6","v1059426368","1.1.1.30","105131","","","","0"
"2019","Canada","2016A000011124","Value","All households","Social transfers in kind (STiK): education","Dollars","81","millions","6","v1059426368","1.1.1.30","108075","","","","0"
"2020","Canada","2016A000011124","Value","All households","Social transfers in kind (STiK): education","Dollars","81","millions","6","v1059426368","1.1.1.30","112949","","","","0"
"2021","Canada","2016A000011124","Value","All households","Social transfers in kind (STiK): education","Dollars","81","millions","6","v1059426368","1.1.1.30","114611","","","","0"
"2022","Canada","2016A000011124","Value","All households","Social transfers in kind (STiK): education","Dollars","81","millions","6","v1059426368","1.1.1.30","122578","","","","0"
"2008","Canada","2016A000011124","Value","All households","Social transfers in kind (STiK): health","Dollars","81","millions","6","v1059426369","1.1.1.31","111759","","","","0"
"2009","Canada","2016A000011124","Value","All households","Social transfers in kind (STiK): health","Dollars","81","millions","6","v1059426369","1.1.1.31","118734","","","","0"
"2010","Canada","2016A000011124","Value","All households","Social transfers in kind (STiK): health","Dollars","81","millions","6","v1059426369","1.1.1.31","124275","","","","0"
"2011","Canada","2016A000011124","Value","All households","Social transfers in kind (STiK): health","Dollars","81","millions","6","v1059426369","1.1.1.31","130683","","","","0"
"2012","Canada","2016A000011124","Value","All households","Social transfers in kind (STiK): health","Dollars","81","millions","6","v1059426369","1.1.1.31","134448","","","","0"
"2013","Canada","2016A000011124","Value","All households","Social transfers in kind (STiK): health","Dollars","81","millions","6","v1059426369","1.1.1.31","139633","","","","0"
"2014","Canada","2016A000011124","Value","All households","Social transfers in kind (STiK): health","Dollars","81","millions","6","v1059426369","1.1.1.31","144998","","","","0"
"2015","Canada","2016A000011124","Value","All households","Social transfers in kind (STiK): health","Dollars","81","millions","6","v1059426369","1.1.1.31","150809","","","","0"
"2016","Canada","2016A000011124","Value","All households","Social transfers in kind (STiK): health","Dollars","81","millions","6","v1059426369","1.1.1.31","155903","","","","0"
"2017","Canada","2016A000011124","Value","All households","Social transfers in kind (STiK): health","Dollars","81","millions","6","v1059426369","1.1.1.31","161159","","","","0"
"2018","Canada","2016A000011124","Value","All households","Social transfers in kind (STiK): health","Dollars","81","millions","6","v1059426369","1.1.1.31","165903","","","","0"
"2019","Canada","2016A000011124","Value","All households","Social transfers in kind (STiK): health","Dollars","81","millions","6","v1059426369","1.1.1.31","172933","","","","0"
"2020","Canada","2016A000011124","Value","All households","Social transfers in kind (STiK): health","Dollars","81","millions","6","v1059426369","1.1.1.31","185450","","","","0"
"2021","Canada","2016A000011124","Value","All households","Social transfers in kind (STiK): health","Dollars","81","millions","6","v1059426369","1.1.1.31","210157","","","","0"
"2022","Canada","2016A000011124","Value","All households","Social transfers in kind (STiK): health","Dollars","81","millions","6","v1059426369","1.1.1.31","227467","","","","0"
"2008","Canada","2016A000011124","Value","All households","Social transfers in kind (STiK): other","Dollars","81","millions","6","v1059426370","1.1.1.32","48565","","","","0"
"2009","Canada","2016A000011124","Value","All households","Social transfers in kind (STiK): other","Dollars","81","millions","6","v1059426370","1.1.1.32","48630","","","","0"
"2010","Canada","2016A000011124","Value","All households","Social transfers in kind (STiK): other","Dollars","81","millions","6","v1059426370","1.1.1.32","49302","","","","0"
"2011","Canada","2016A000011124","Value","All households","Social transfers in kind (STiK): other","Dollars","81","millions","6","v1059426370","1.1.1.32","52017","","","","0"
"2012","Canada","2016A000011124","Value","All households","Social transfers in kind (STiK): other","Dollars","81","millions","6","v1059426370","1.1.1.32","53505","","","","0"
"2013","Canada","2016A000011124","Value","All households","Social transfers in kind (STiK): other","Dollars","81","millions","6","v1059426370","1.1.1.32","54285","","","","0"
"2014","Canada","2016A000011124","Value","All households","Social transfers in kind (STiK): other","Dollars","81","millions","6","v1059426370","1.1.1.32","54591","","","","0"
"2015","Canada","2016A000011124","Value","All households","Social transfers in kind (STiK): other","Dollars","81","millions","6","v1059426370","1.1.1.32","56784","","","","0"
"2016","Canada","2016A000011124","Value","All households","Social transfers in kind (STiK): other","Dollars","81","millions","6","v1059426370","1.1.1.32","59697","","","","0"
"2017","Canada","2016A000011124","Value","All households","Social transfers in kind (STiK): other","Dollars","81","millions","6","v1059426370","1.1.1.32","62117","","","","0"
"2018","Canada","2016A000011124","Value","All households","Social transfers in kind (STiK): other","Dollars","81","millions","6","v1059426370","1.1.1.32","65927","","","","0"
"2019","Canada","2016A000011124","Value","All households","Social transfers in kind (STiK): other","Dollars","81","millions","6","v1059426370","1.1.1.32","68847","","","","0"
"2020","Canada","2016A000011124","Value","All households","Social transfers in kind (STiK): other","Dollars","81","millions","6","v1059426370","1.1.1.32","70937","","","","0"
"2021","Canada","2016A000011124","Value","All households","Social transfers in kind (STiK): other","Dollars","81","millions","6","v1059426370","1.1.1.32","71786","","","","0"
"2022","Canada","2016A000011124","Value","All households","Social transfers in kind (STiK): other","Dollars","81","millions","6","v1059426370","1.1.1.32","79088","","","","0"
"2008","Canada","2016A000011124","Value","All households","Household actual final consumption","Dollars","81","millions","6","v1059426371","1.1.1.33","1115820","","","","0"
"2009","Canada","2016A000011124","Value","All households","Household actual final consumption","Dollars","81","millions","6","v1059426371","1.1.1.33","1129735","","","","0"
"2010","Canada","2016A000011124","Value","All households","Household actual final consumption","Dollars","81","millions","6","v1059426371","1.1.1.33","1183964","","","","0"
"2011","Canada","2016A000011124","Value","All households","Household actual final consumption","Dollars","81","millions","6","v1059426371","1.1.1.33","1237392","","","","0"
"2012","Canada","2016A000011124","Value","All households","Household actual final consumption","Dollars","81","millions","6","v1059426371","1.1.1.33","1274836","","","","0"
"2013","Canada","2016A000011124","Value","All households","Household actual final consumption","Dollars","81","millions","6","v1059426371","1.1.1.33","1323036","","","","0"
"2014","Canada","2016A000011124","Value","All households","Household actual final consumption","Dollars","81","millions","6","v1059426371","1.1.1.33","1379357","","","","0"
"2015","Canada","2016A000011124","Value","All households","Household actual final consumption","Dollars","81","millions","6","v1059426371","1.1.1.33","1424887","","","","0"
"2016","Canada","2016A000011124","Value","All households","Household actual final consumption","Dollars","81","millions","6","v1059426371","1.1.1.33","1466550","","","","0"
"2017","Canada","2016A000011124","Value","All households","Household actual final consumption","Dollars","81","millions","6","v1059426371","1.1.1.33","1533668","","","","0"
"2018","Canada","2016A000011124","Value","All households","Household actual final consumption","Dollars","81","millions","6","v1059426371","1.1.1.33","1597406","","","","0"
"2019","Canada","2016A000011124","Value","All households","Household actual final consumption","Dollars","81","millions","6","v1059426371","1.1.1.33","1650671","","","","0"
"2020","Canada","2016A000011124","Value","All households","Household actual final consumption","Dollars","81","millions","6","v1059426371","1.1.1.33","1597233","","","","0"
"2021","Canada","2016A000011124","Value","All households","Household actual final consumption","Dollars","81","millions","6","v1059426371","1.1.1.33","1724190","","","","0"
"2022","Canada","2016A000011124","Value","All households","Household actual final consumption","Dollars","81","millions","6","v1059426371","1.1.1.33","1898803","","","","0"
"2008","Canada","2016A000011124","Value","All households","Change in pension entitlements","Dollars","81","millions","6","v116885935","1.1.1.22","45397","","","","0"
"2009","Canada","2016A000011124","Value","All households","Change in pension entitlements","Dollars","81","millions","6","v116885935","1.1.1.22","38057","","","","0"
"2010","Canada","2016A000011124","Value","All households","Change in pension entitlements","Dollars","81","millions","6","v116885935","1.1.1.22","38076","","","","0"
"2011","Canada","2016A000011124","Value","All households","Change in pension entitlements","Dollars","81","millions","6","v116885935","1.1.1.22","46937","","","","0"
"2012","Canada","2016A000011124","Value","All households","Change in pension entitlements","Dollars","81","millions","6","v116885935","1.1.1.22","47452","","","","0"
"2013","Canada","2016A000011124","Value","All households","Change in pension entitlements","Dollars","81","millions","6","v116885935","1.1.1.22","44876","","","","0"
"2014","Canada","2016A000011124","Value","All households","Change in pension entitlements","Dollars","81","millions","6","v116885935","1.1.1.22","46439","","","","0"
"2015","Canada","2016A000011124","Value","All households","Change in pension entitlements","Dollars","81","millions","6","v116885935","1.1.1.22","43260","","","","0"
"2016","Canada","2016A000011124","Value","All households","Change in pension entitlements","Dollars","81","millions","6","v116885935","1.1.1.22","43138","","","","0"
"2017","Canada","2016A000011124","Value","All households","Change in pension entitlements","Dollars","81","millions","6","v116885935","1.1.1.22","43728","","","","0"
"2018","Canada","2016A000011124","Value","All households","Change in pension entitlements","Dollars","81","millions","6","v116885935","1.1.1.22","43259","","","","0"
"2019","Canada","2016A000011124","Value","All households","Change in pension entitlements","Dollars","81","millions","6","v116885935","1.1.1.22","47476","","","","0"
"2020","Canada","2016A000011124","Value","All households","Change in pension entitlements","Dollars","81","millions","6","v116885935","1.1.1.22","39000","","","","0"
"2021","Canada","2016A000011124","Value","All households","Change in pension entitlements","Dollars","81","millions","6","v116885935","1.1.1.22","41658","","","","0"
"2022","Canada","2016A000011124","Value","All households","Change in pension entitlements","Dollars","81","millions","6","v116885935","1.1.1.22","41660","","","","0"
"2008","Canada","2016A000011124","Value","All households","Household net saving","Dollars","81","millions","6","v116885936","1.1.1.23","29296","","","","0"
"2009","Canada","2016A000011124","Value","All households","Household net saving","Dollars","81","millions","6","v116885936","1.1.1.23","41148","","","","0"
"2010","Canada","2016A000011124","Value","All households","Household net saving","Dollars","81","millions","6","v116885936","1.1.1.23","39451","","","","0"
"2011","Canada","2016A000011124","Value","All households","Household net saving","Dollars","81","millions","6","v116885936","1.1.1.23","41961","","","","0"
"2012","Canada","2016A000011124","Value","All households","Household net saving","Dollars","81","millions","6","v116885936","1.1.1.23","50651","","","","0"
"2013","Canada","2016A000011124","Value","All households","Household net saving","Dollars","81","millions","6","v116885936","1.1.1.23","53583","","","","0"
"2014","Canada","2016A000011124","Value","All households","Household net saving","Dollars","81","millions","6","v116885936","1.1.1.23","41838","","","","0"
"2015","Canada","2016A000011124","Value","All households","Household net saving","Dollars","81","millions","6","v116885936","1.1.1.23","51055","","","","0"
"2016","Canada","2016A000011124","Value","All households","Household net saving","Dollars","81","millions","6","v116885936","1.1.1.23","22235","","","","0"
"2017","Canada","2016A000011124","Value","All households","Household net saving","Dollars","81","millions","6","v116885936","1.1.1.23","23941","","","","0"
"2018","Canada","2016A000011124","Value","All households","Household net saving","Dollars","81","millions","6","v116885936","1.1.1.23","7733","","","","0"
"2019","Canada","2016A000011124","Value","All households","Household net saving","Dollars","81","millions","6","v116885936","1.1.1.23","27022","","","","0"
"2020","Canada","2016A000011124","Value","All households","Household net saving","Dollars","81","millions","6","v116885936","1.1.1.23","198463","","","","0"
"2021","Canada","2016A000011124","Value","All households","Household net saving","Dollars","81","millions","6","v116885936","1.1.1.23","158591","","","","0"
"2022","Canada","2016A000011124","Value","All households","Household net saving","Dollars","81","millions","6","v116885936","1.1.1.23","92683","","","","0"


